id,first_name,last_name,email,family
1,Jessa,Corton,jcorton0@gizmodo.com,孟
2,Andy,Wormleighton,awormleighton1@amazon.de,柏
3,Daveen,Kahn,dkahn2@aol.com,昝
4,Free,Lathwell,flathwell3@studiopress.com,邰
5,Ailina,Asmus,aasmus4@mlb.com,席
6,Trescha,Gash,tgash5@flickr.com,别
7,Kellina,Tomenson,ktomenson6@1und1.de,堵
8,Sibilla,Atherley,satherley7@sphinn.com,甘
9,Siana,Deniske,sdeniske8@china.com.cn,尤
10,Benjamin,Ellingsworth,bellingsworth9@purevolume.com,蔡
11,Alisander,Greenshields,agreenshieldsa@zimbio.com,乜
12,Jasper,Van der Kruys,jvanderkruysb@dell.com,苏
13,Austina,Illston,aillstonc@msn.com,杨
14,Ricki,Daftor,rdaftord@bloglovin.com,刘
15,Stephie,Bullene,sbullenee@123-reg.co.uk,盍
16,Keenan,Wiffill,kwiffillf@lycos.com,黎
17,Patton,McPheat,pmcpheatg@google.com.au,堵
18,Morganne,Diggens,mdiggensh@tinyurl.com,溥
19,Killie,Johnikin,kjohnikini@shinystat.com,程
20,Brynne,Thorrington,bthorringtonj@loc.gov,东
21,Conroy,Measen,cmeasenk@dmoz.org,弓
22,Kordula,Grabeham,kgrabehaml@biblegateway.com,锺
23,Jerrine,Fulton,jfultonm@mtv.com,康
24,Cody,Dubble,cdubblen@example.com,简
25,Bambie,Marqyes,bmarqyeso@newsvine.com,温
26,Rodrique,Darch,rdarchp@cnet.com,咸
27,Lazar,Uwins,luwinsq@gizmodo.com,姬
28,Ferdinanda,Annesley,fannesleyr@bloglovin.com,庄
29,Nils,McGiven,nmcgivens@nps.gov,唐
30,Elianora,Peteri,epeterit@yellowpages.com,平
31,Robbie,Estable,restableu@joomla.org,桑
32,Kenyon,Venediktov,kvenediktovv@accuweather.com,于
33,Kerianne,Renehan,krenehanw@blogtalkradio.com,水
34,Augustin,Applegarth,aapplegarthx@army.mil,贲
35,Maxine,Magenny,mmagennyy@usa.gov,解
36,Laura,Giral,lgiralz@nhs.uk,房
37,Hilary,Worden,hworden10@admin.ch,於
38,Duff,Polden,dpolden11@sciencedaily.com,瞿
39,Julianna,Bewsey,jbewsey12@nbcnews.com,窦
40,Giulia,Staining,gstaining13@de.vu,奚
41,Osmond,Stollwerk,ostollwerk14@cmu.edu,宋
42,Rayner,Marfe,rmarfe15@imgur.com,山
43,Dominica,Olivey,dolivey16@home.pl,殳
44,Lidia,Booker,lbooker17@ibm.com,隆
45,Gerhardine,Robrow,grobrow18@canalblog.com,庾
46,Beryl,Thurber,bthurber19@businessweek.com,石
47,Esmaria,Danelutti,edanelutti1a@adobe.com,昝
48,Ilise,Perfitt,iperfitt1b@craigslist.org,戈
49,Gizela,Hazelton,ghazelton1c@reference.com,祁
50,Timothee,Beacham,tbeacham1d@illinois.edu,莫
51,Jeannine,Summerly,jsummerly1e@sohu.com,那
52,Frederique,Euplate,feuplate1f@nifty.com,伊
53,Goldarina,O'Clery,goclery1g@blogs.com,扶
54,Dill,Stollmeier,dstollmeier1h@smh.com.au,滕
55,Lottie,Skahill,lskahill1i@webs.com,嵇
56,Beitris,Bramwell,bbramwell1j@flickr.com,卓
57,Dannye,Josefsohn,djosefsohn1k@pen.io,莘
58,Locke,Woffenden,lwoffenden1l@wufoo.com,严
59,Rebbecca,Tadlow,rtadlow1m@globo.com,索
60,Jaquith,Devigne,jdevigne1n@reverbnation.com,沃
61,Aidan,Clubley,aclubley1o@state.gov,戎
62,Eddy,Jobke,ejobke1p@studiopress.com,范
63,Crista,Cork,ccork1q@jiathis.com,籍
64,Darryl,Glanfield,dglanfield1r@example.com,邵
65,Lulu,Martel,lmartel1s@soundcloud.com,唐
66,Ozzy,Steabler,osteabler1t@quantcast.com,程
67,Jedediah,Crichley,jcrichley1u@un.org,糜
68,Otho,Polye,opolye1v@guardian.co.uk,谈
69,Gail,Inworth,ginworth1w@gnu.org,司
70,Lucinda,Slaymaker,lslaymaker1x@shop-pro.jp,仰
71,Terry,Brundill,tbrundill1y@tripod.com,齐
72,Codee,Victor,cvictor1z@seesaa.net,桑
73,Georas,Blyth,gblyth20@npr.org,傅
74,Scott,Lammertz,slammertz21@bluehost.com,仰
75,Ellerey,Flea,eflea22@webs.com,袁
76,Lemmie,Nan Carrow,lnancarrow23@mozilla.com,任
77,Stephannie,Dunaway,sdunaway24@zdnet.com,李
78,Eadie,Barnbrook,ebarnbrook25@marriott.com,卢
79,Lexy,Hoston,lhoston26@gmpg.org,养
80,Wenonah,Slimon,wslimon27@ibm.com,鱼
81,Suki,Lampen,slampen28@archive.org,益
82,Herminia,Kitman,hkitman29@mail.ru,昝
83,Egor,Pietrowski,epietrowski2a@reuters.com,公
84,Francois,Mitkin,fmitkin2b@ibm.com,师
85,Trix,Rosenfelt,trosenfelt2c@php.net,都
86,Putnam,Blacksell,pblacksell2d@wikia.com,潘
87,Anatol,McGavin,amcgavin2e@privacy.gov.au,杨
88,Rubie,Bywaters,rbywaters2f@wufoo.com,诸
89,Carole,Nowlan,cnowlan2g@oracle.com,滑
90,Foss,Cathenod,fcathenod2h@tmall.com,栾
91,Hillary,Grute,hgrute2i@google.com.au,蒯
92,Levey,Barck,lbarck2j@networkadvertising.org,柳
93,Tonia,Halle,thalle2k@deviantart.com,刘
94,Eldon,McNeil,emcneil2l@wired.com,巩
95,Cale,Worswick,cworswick2m@buzzfeed.com,危
96,Lindsey,Anwell,lanwell2n@dyndns.org,丁
97,Jaime,Catterick,jcatterick2o@prlog.org,韶
98,Doloritas,Breckon,dbreckon2p@zimbio.com,松
99,Carlee,Valler,cvaller2q@phpbb.com,郦
100,Piper,Charman,pcharman2r@posterous.com,敖
101,Deanne,Cassell,dcassell2s@google.com.hk,广
102,Marje,Millea,mmillea2t@livejournal.com,苏
103,Dianne,Wurz,dwurz2u@google.com,禹
104,Obie,Standbrooke,ostandbrooke2v@miitbeian.gov.cn,经
105,Robinett,McCoole,rmccoole2w@360.cn,农
106,Sandor,Gosdin,sgosdin2x@washington.edu,殳
107,Alia,Graveson,agraveson2y@businesswire.com,冉
108,Jerrie,Carle,jcarle2z@ucla.edu,毕
109,Melonie,Parzis,mparzis30@salon.com,文
110,Thibaut,Hedderly,thedderly31@tiny.cc,侯
111,Zonnya,Clayfield,zclayfield32@about.me,凌
112,Arri,Hanhart,ahanhart33@upenn.edu,庞
113,Michaeline,Dunsmore,mdunsmore34@hubpages.com,籍
114,Salaidh,Robelet,srobelet35@usatoday.com,郗
115,Tonya,Streeton,tstreeton36@w3.org,缪
116,Ardine,Perrie,aperrie37@ifeng.com,国
117,Jarib,Longland,jlongland38@senate.gov,许
118,Bob,Thorrington,bthorrington39@ebay.co.uk,施
119,Ermengarde,Gerlack,egerlack3a@people.com.cn,廉
120,Viviene,Goodnow,vgoodnow3b@miibeian.gov.cn,从
121,Terry,Rosie,trosie3c@mac.com,鲍
122,Piggy,Merman,pmerman3d@google.co.uk,霍
123,Thomas,Service,tservice3e@1und1.de,徐
124,Kellyann,Montel,kmontel3f@state.gov,方
125,Candida,Docket,cdocket3g@prnewswire.com,谢
126,Anstice,Gourlay,agourlay3h@washingtonpost.com,凌
127,Raymond,Conochie,rconochie3i@gizmodo.com,康
128,Arabela,Wakeman,awakeman3j@scribd.com,伊
129,Corella,Kinloch,ckinloch3k@miibeian.gov.cn,顾
130,Jessi,Baack,jbaack3l@blogs.com,芮
131,Munmro,Torbett,mtorbett3m@fotki.com,闵
132,Rebe,Bignall,rbignall3n@shop-pro.jp,梅
133,Ambrosi,O'Leagham,aoleagham3o@creativecommons.org,须
134,Vonny,Rallinshaw,vrallinshaw3p@globo.com,弘
135,Lawry,Lissandrini,llissandrini3q@pagesperso-orange.fr,周
136,Andra,Yurin,ayurin3r@youku.com,翁
137,Conrad,Sinnie,csinnie3s@state.tx.us,茅
138,Kassie,Pinilla,kpinilla3t@mediafire.com,应
139,Roberta,Davioud,rdavioud3u@people.com.cn,谢
140,Clarissa,Muckleston,cmuckleston3v@ucoz.com,昌
141,Swen,Powers,spowers3w@usa.gov,姬
142,Jarid,Keyson,jkeyson3x@dailymotion.com,穆
143,Jenna,Noddle,jnoddle3y@umn.edu,宁
144,Hillard,Agg,hagg3z@devhub.com,锺
145,Petronella,Kordas,pkordas40@123-reg.co.uk,梁
146,Archaimbaud,Lowery,alowery41@123-reg.co.uk,丁
147,Si,Chrestien,schrestien42@cnn.com,单
148,Doris,Drayson,ddrayson43@surveymonkey.com,竺
149,Anderson,Renner,arenner44@shop-pro.jp,宓
150,Cirilo,Pope,cpope45@google.pl,通
151,Ariadne,Giddy,agiddy46@amazon.co.jp,隆
152,Davie,Cloonan,dcloonan47@nyu.edu,那
153,Gwenore,Adnam,gadnam48@liveinternet.ru,莘
154,Shadow,Heistermann,sheistermann49@instagram.com,禹
155,Flemming,Derisly,fderisly4a@chron.com,韶
156,Calhoun,Conibear,cconibear4b@wordpress.com,昌
157,Christiana,Rand,crand4c@nsw.gov.au,堵
158,Dyanna,Whitmore,dwhitmore4d@youtu.be,马
159,Ethel,Freeburn,efreeburn4e@spiegel.de,东
160,Lind,Hatherall,lhatherall4f@paypal.com,屈
161,Jamey,Grunguer,jgrunguer4g@independent.co.uk,怀
162,Dyane,Hawksby,dhawksby4h@hao123.com,尹
163,Aura,Di Maria,adimaria4i@webnode.com,扶
164,Abram,Ca,aca4j@is.gd,傅
165,Patrizia,Minci,pminci4k@jigsy.com,易
166,Shir,Lindelof,slindelof4l@networkadvertising.org,陶
167,Beau,Ruffey,bruffey4m@examiner.com,乔
168,Kesley,Scruby,kscruby4n@prweb.com,益
169,Brinn,Loynes,bloynes4o@narod.ru,水
170,Lemuel,Berry,lberry4p@intel.com,溥
171,Brand,O' Donohue,bodonohue4q@ameblo.jp,秋
172,Adrianna,Beeson,abeeson4r@123-reg.co.uk,阮
173,Melva,Tomasello,mtomasello4s@columbia.edu,沃
174,Nolly,Guppy,nguppy4t@timesonline.co.uk,党
175,Lemar,Cleugher,lcleugher4u@techcrunch.com,韶
176,Tucky,Sessions,tsessions4v@bravesites.com,伏
177,Devon,Tansley,dtansley4w@fastcompany.com,别
178,Kalil,Cass,kcass4x@cyberchimps.com,养
179,Boniface,Walework,bwalework4y@devhub.com,宋
180,Eve,Meadowcraft,emeadowcraft4z@surveymonkey.com,宗
181,Padraig,Learmond,plearmond50@wix.com,雷
182,Wallie,Beadon,wbeadon51@loc.gov,聂
183,Sosanna,Flanaghan,sflanaghan52@sciencedirect.com,空
184,Marshal,Myatt,mmyatt53@usnews.com,元
185,Hyacintha,Elloway,helloway54@cocolog-nifty.com,柴
186,Marja,Wellwood,mwellwood55@about.com,养
187,Morlee,Tuckett,mtuckett56@php.net,伏
188,Wilt,Legion,wlegion57@nifty.com,湛
189,Fanchette,Choulerton,fchoulerton58@indiatimes.com,荣
190,Cory,Wormell,cwormell59@msn.com,池
191,Colman,Crepel,ccrepel5a@wunderground.com,秦
192,Kata,Lebang,klebang5b@quantcast.com,潘
193,Kaye,Toohey,ktoohey5c@cyberchimps.com,勾
194,Brose,Danielian,bdanielian5d@odnoklassniki.ru,邴
195,Scot,Pessolt,spessolt5e@jigsy.com,凤
196,Feodor,Spaxman,fspaxman5f@utexas.edu,万
197,Fern,Boultwood,fboultwood5g@ocn.ne.jp,秦
198,Winne,Bruyett,wbruyett5h@yahoo.com,慎
199,Anissa,Hardware,ahardware5i@xinhuanet.com,广
200,Dot,Setchfield,dsetchfield5j@narod.ru,胡
201,Betsey,Shelbourne,bshelbourne5k@slate.com,孙
202,Katusha,Hadkins,khadkins5l@biglobe.ne.jp,印
203,Bud,Obal,bobal5m@google.com.hk,文
204,Jessalin,Trewinnard,jtrewinnard5n@huffingtonpost.com,邱
205,Imogen,Neno,ineno5o@ifeng.com,居
206,Loise,Gowen,lgowen5p@lulu.com,汲
207,Lazare,Allon,lallon5q@time.com,干
208,Ysabel,Boick,yboick5r@prweb.com,云
209,Mead,Munn,mmunn5s@naver.com,贾
210,Bill,Agdahl,bagdahl5t@bloomberg.com,朱
211,Nora,Ferreres,nferreres5u@github.io,衡
212,Addie,Vergine,avergine5v@disqus.com,倪
213,Vasilis,Raven,vraven5w@newsvine.com,郜
214,Stirling,Koch,skoch5x@51.la,闻
215,Jordana,Beseke,jbeseke5y@huffingtonpost.com,柯
216,Jaquelin,Jacobowits,jjacobowits5z@oakley.com,糜
217,Saxon,Espinoza,sespinoza60@networksolutions.com,殷
218,Lynnelle,Shakelady,lshakelady61@amazon.co.jp,封
219,Garner,Nias,gnias62@sciencedaily.com,叶
220,Gwyn,Venny,gvenny63@reuters.com,僪
221,Harrie,Goward,hgoward64@npr.org,倪
222,Elwood,Pile,epile65@vk.com,蓝
223,Moll,Aberhart,maberhart66@deviantart.com,寿
224,Carce,McDonnell,cmcdonnell67@upenn.edu,华
225,Waylan,McSkeagan,wmcskeagan68@gravatar.com,暨
226,Katleen,Plues,kplues69@ox.ac.uk,祖
227,Joane,Gulberg,jgulberg6a@dedecms.com,乐
228,Axel,Janicijevic,ajanicijevic6b@cnbc.com,余
229,Dew,Battisson,dbattisson6c@cisco.com,骆
230,Zaria,Gready,zgready6d@unc.edu,丰
231,Boyd,Forth,bforth6e@google.ca,乐
232,Haze,Ciotti,hciotti6f@thetimes.co.uk,锺
233,Fulton,Pelos,fpelos6g@seattletimes.com,邰
234,Hymie,McLaughlan,hmclaughlan6h@yelp.com,简
235,Cy,Solly,csolly6i@spotify.com,陆
236,Larissa,Filkin,lfilkin6j@google.cn,鄂
237,Dudley,Sickamore,dsickamore6k@google.it,计
238,Enid,Mogey,emogey6l@odnoklassniki.ru,钮
239,Julio,Minors,jminors6m@fastcompany.com,喻
240,Dodie,Coddrington,dcoddrington6n@java.com,束
241,Hynda,Capnerhurst,hcapnerhurst6o@homestead.com,沈
242,Carlina,Aleksandrov,caleksandrov6p@mozilla.com,宁
243,Llywellyn,Heinritz,lheinritz6q@wikia.com,殷
244,Lauryn,Fonquernie,lfonquernie6r@hatena.ne.jp,艾
245,Hale,Welbelove,hwelbelove6s@deliciousdays.com,晁
246,Justine,Petow,jpetow6t@wikispaces.com,容
247,Lissi,Dingwall,ldingwall6u@vinaora.com,诸
248,Talya,Sonier,tsonier6v@nymag.com,查
249,Hal,Davoren,hdavoren6w@gizmodo.com,乜
250,Bordy,Boult,bboult6x@spiegel.de,边
251,Margareta,Hadlow,mhadlow6y@tamu.edu,桓
252,Cherise,Itzhaki,citzhaki6z@dmoz.org,潘
253,Pail,Birtonshaw,pbirtonshaw70@sciencedirect.com,蔡
254,Cristal,Wimpey,cwimpey71@feedburner.com,宰
255,Hermione,Trevarthen,htrevarthen72@behance.net,夏
256,Augy,Olyff,aolyff73@spiegel.de,姚
257,Traci,Southcoat,tsouthcoat74@va.gov,甄
258,Gareth,Harmant,gharmant75@cyberchimps.com,蒯
259,Gardiner,Oxford,goxford76@1und1.de,邓
260,Lawry,Gatchel,lgatchel77@cnn.com,齐
261,Mayer,Hellings,mhellings78@acquirethisname.com,庞
262,Aggie,Dupoy,adupoy79@uol.com.br,巫
263,Faber,Alderson,falderson7a@pinterest.com,江
264,Janie,Petche,jpetche7b@amazonaws.com,汲
265,Stanfield,Grouse,sgrouse7c@dagondesign.com,和
266,Christin,Clemits,cclemits7d@bloglovin.com,赵
267,Kippie,Garshore,kgarshore7e@arstechnica.com,龙
268,Floyd,Stannard,fstannard7f@whitehouse.gov,秋
269,Phedra,Barfoot,pbarfoot7g@latimes.com,郑
270,Briney,Jolin,bjolin7h@weather.com,沃
271,Jarrid,Fitzhenry,jfitzhenry7i@uiuc.edu,慎
272,Morley,Merrifield,mmerrifield7j@admin.ch,申
273,Tymothy,Coleman,tcoleman7k@over-blog.com,左
274,Marcello,Heathcott,mheathcott7l@blinklist.com,俞
275,Harli,Bennitt,hbennitt7m@sfgate.com,元
276,Russ,Jefferd,rjefferd7n@microsoft.com,叶
277,Cacilia,Wager,cwager7o@vkontakte.ru,邵
278,Mayer,Bruniges,mbruniges7p@admin.ch,元
279,Jeth,Di Baudi,jdibaudi7q@gravatar.com,文
280,Thomasa,Smaling,tsmaling7r@bing.com,贲
281,Wyatan,Goforth,wgoforth7s@msu.edu,弓
282,Winthrop,Tomaszynski,wtomaszynski7t@pbs.org,濮
283,Peri,Ackers,packers7u@google.pl,黎
284,Quentin,Dickinson,qdickinson7v@cam.ac.uk,童
285,Judas,Niave,jniave7w@unc.edu,武
286,Alta,Caldero,acaldero7x@ustream.tv,吕
287,Hailee,Veelers,hveelers7y@posterous.com,莫
288,Scarlett,McQuaid,smcquaid7z@sun.com,勾
289,Jeno,Everit,jeverit80@360.cn,梅
290,Shawna,Ogelsby,sogelsby81@jiathis.com,时
291,Pacorro,Kumaar,pkumaar82@prlog.org,钱
292,Haydon,Smedley,hsmedley83@cam.ac.uk,公
293,Lenee,Rudgerd,lrudgerd84@examiner.com,阙
294,Beverly,Murby,bmurby85@imageshack.us,严
295,Sara-ann,Cull,scull86@rakuten.co.jp,刘
296,Lindsey,Berget,lberget87@bloomberg.com,养
297,Adriane,Torrijos,atorrijos88@omniture.com,孙
298,Jakob,Barkaway,jbarkaway89@fema.gov,司
299,Kaiser,Jeratt,kjeratt8a@e-recht24.de,曾
300,Edy,Adlard,eadlard8b@github.com,水
301,Jarib,Bahlmann,jbahlmann8c@sohu.com,殳
302,Tiebold,MacElane,tmacelane8d@nps.gov,聂
303,Inigo,Pasmore,ipasmore8e@nydailynews.com,桑
304,Miles,Niven,mniven8f@booking.com,僪
305,Thea,Osmund,tosmund8g@discuz.net,步
306,Arnoldo,Birk,abirk8h@istockphoto.com,魏
307,Allene,Kleen,akleen8i@arstechnica.com,衡
308,Riki,Blinman,rblinman8j@hostgator.com,俞
309,Jerrold,Scatchard,jscatchard8k@unblog.fr,井
310,Peder,Condict,pcondict8l@mozilla.org,关
311,Tessa,Dempster,tdempster8m@bbc.co.uk,温
312,Rickard,Bickford,rbickford8n@hexun.com,师
313,Tanner,L'Archer,tlarcher8o@oaic.gov.au,章
314,Emmett,Bosenworth,ebosenworth8p@wix.com,祝
315,Tannie,Barkworth,tbarkworth8q@fastcompany.com,宋
316,Craggie,Lowndes,clowndes8r@aboutads.info,霍
317,Jose,Bernade,jbernade8s@ed.gov,成
318,Jedediah,Longley,jlongley8t@umich.edu,邬
319,Cristal,McOmish,cmcomish8u@who.int,扈
320,Allis,Trelevan,atrelevan8v@berkeley.edu,经
321,Stephanus,Suthren,ssuthren8w@gravatar.com,广
322,Barney,Marrill,bmarrill8x@unesco.org,柳
323,Terrel,Vero,tvero8y@yandex.ru,蓟
324,Shelby,Spare,sspare8z@imageshack.us,融
325,Garold,Iron,giron90@prnewswire.com,昌
326,Armstrong,Crosetto,acrosetto91@usgs.gov,桑
327,Nikki,Leibold,nleibold92@columbia.edu,那
328,Viole,Bowater,vbowater93@illinois.edu,容
329,Brina,Connaughton,bconnaughton94@cloudflare.com,程
330,Karel,Rosser,krosser95@bing.com,裘
331,Nissie,Weald,nweald96@unblog.fr,羿
332,Torry,Rimour,trimour97@fastcompany.com,苍
333,Barbette,Prahl,bprahl98@bbb.org,慕
334,Basilio,Collinwood,bcollinwood99@cdbaby.com,朱
335,Gilberto,Rowlings,growlings9a@pen.io,后
336,Stesha,Moogan,smoogan9b@ehow.com,梁
337,Milton,Sor,msor9c@google.com.hk,游
338,Crystie,Gosart,cgosart9d@jugem.jp,公
339,Carolyn,Van der Hoeven,cvanderhoeven9e@pinterest.com,颜
340,Dix,Boc,dboc9f@narod.ru,白
341,Camilla,Dewire,cdewire9g@amazon.de,井
342,Lanette,Brader,lbrader9h@vk.com,杨
343,Arline,Raine,araine9i@qq.com,郝
344,Laure,Gatman,lgatman9j@bloomberg.com,姜
345,Gery,Bewfield,gbewfield9k@istockphoto.com,皮
346,Read,Von Salzberg,rvonsalzberg9l@liveinternet.ru,匡
347,Forster,Sainteau,fsainteau9m@last.fm,鞠
348,Karia,Chilvers,kchilvers9n@scientificamerican.com,蔺
349,Joleen,Davson,jdavson9o@trellian.com,熊
350,Hiram,Craisford,hcraisford9p@bizjournals.com,辛
351,Jessee,Kingzeth,jkingzeth9q@craigslist.org,隗
352,Jill,Braban,jbraban9r@ovh.net,杨
353,Felizio,Howselee,fhowselee9s@mail.ru,储
354,Augustine,Weinmann,aweinmann9t@yellowpages.com,历
355,Maridel,McVeagh,mmcveagh9u@jalbum.net,盛
356,Ezequiel,Doggett,edoggett9v@adobe.com,潘
357,Caprice,Fortesquieu,cfortesquieu9w@last.fm,伊
358,Joann,Spear,jspear9x@youtube.com,印
359,Roma,Pirolini,rpirolini9y@omniture.com,连
360,Ad,Grestie,agrestie9z@cyberchimps.com,单
361,Palmer,Rigby,prigbya0@ebay.com,锺
362,Marigold,Tibbetts,mtibbettsa1@mozilla.com,简
363,Sherlocke,Helsby,shelsbya2@youtu.be,益
364,Ange,Oliphant,aoliphanta3@i2i.jp,毕
365,Millard,Dundridge,mdundridgea4@reverbnation.com,车
366,Wilfrid,Jeandot,wjeandota5@tinypic.com,冉
367,Anna-diane,Crookshanks,acrookshanksa6@google.co.jp,萧
368,Eduino,Bunson,ebunsona7@netvibes.com,靳
369,Sonny,Southway,ssouthwaya8@howstuffworks.com,连
370,Belita,Rief,briefa9@wiley.com,窦
371,Filia,Farren,ffarrenaa@usnews.com,费
372,Susana,Sackey,ssackeyab@artisteer.com,沃
373,Barr,Archanbault,barchanbaultac@elegantthemes.com,瞿
374,Brander,Jurewicz,bjurewiczad@squarespace.com,桂
375,Pippy,Leamy,pleamyae@globo.com,杜
376,Obie,Welden,oweldenaf@lulu.com,羿
377,Charlean,Castlake,ccastlakeag@craigslist.org,锺
378,Dasya,Lindenbaum,dlindenbaumah@typepad.com,充
379,Gordan,O'Doran,godoranai@rediff.com,蒲
380,Jessa,Brando,jbrandoaj@ehow.com,王
381,Kasey,Guslon,kguslonak@salon.com,敖
382,Doro,Antonazzi,dantonazzial@ehow.com,计
383,Kalie,Deverell,kdeverellam@desdev.cn,芮
384,Pasquale,Magner,pmagneran@mac.com,昝
385,Donavon,Geydon,dgeydonao@cdbaby.com,邓
386,Ximenes,Harbottle,xharbottleap@exblog.jp,黄
387,Cassandre,Philippart,cphilippartaq@google.ru,齐
388,Clementia,Horlick,chorlickar@fc2.com,羊
389,Melba,Cosgriff,mcosgriffas@webnode.com,师
390,Cindelyn,Roakes,croakesat@flickr.com,褚
391,Jonie,Avory,javoryau@ocn.ne.jp,步
392,Blisse,Waghorne,bwaghorneav@addtoany.com,甘
393,Erda,Barwis,ebarwisaw@shutterfly.com,融
394,Darrel,Wasmuth,dwasmuthax@instagram.com,祝
395,Yelena,Cadden,ycaddenay@zdnet.com,党
396,Price,Proom,pproomaz@ustream.tv,田
397,Lena,Sergison,lsergisonb0@hatena.ne.jp,毕
398,Shadow,Hambridge,shambridgeb1@mapquest.com,全
399,Lexis,Wilsee,lwilseeb2@e-recht24.de,俞
400,Lionello,Urian,lurianb3@constantcontact.com,周
401,Sal,Coucher,scoucherb4@domainmarket.com,都
402,Sadella,Prout,sproutb5@kickstarter.com,阳
403,Ursuline,Pinock,upinockb6@cyberchimps.com,甄
404,Celine,Bollom,cbollomb7@yellowpages.com,祝
405,Aldrich,Gilhooley,agilhooleyb8@illinois.edu,吉
406,Herrick,McMinn,hmcminnb9@businessweek.com,蒙
407,Sile,Vickery,svickeryba@squidoo.com,屈
408,Marci,Belfrage,mbelfragebb@rediff.com,奚
409,Arvin,Yegorchenkov,ayegorchenkovbc@yale.edu,洪
410,Loleta,Root,lrootbd@ow.ly,祝
411,Tan,Mendus,tmendusbe@flavors.me,嵇
412,Alyson,Scutcheon,ascutcheonbf@ebay.com,柴
413,Amity,Heyball,aheyballbg@stanford.edu,石
414,Filip,Beardshall,fbeardshallbh@state.tx.us,祝
415,Ricki,Cockin,rcockinbi@mayoclinic.com,赖
416,Shandee,Rangall,srangallbj@fda.gov,谢
417,Diana,Simpole,dsimpolebk@soup.io,蓝
418,Valma,Gerrit,vgerritbl@furl.net,蔡
419,Audi,Scoggins,ascogginsbm@storify.com,郎
420,Reece,Sullly,rsulllybn@sfgate.com,解
421,Ferd,McNeillie,fmcneilliebo@bing.com,暨
422,Honoria,Ingle,hinglebp@mayoclinic.com,禹
423,Vernor,Balsillie,vbalsilliebq@google.it,别
424,Ginelle,O'Lennachain,golennachainbr@bigcartel.com,焦
425,Fidelia,Rowantree,frowantreebs@independent.co.uk,仇
426,Gale,McLarty,gmclartybt@epa.gov,郜
427,Perrine,Hadwin,phadwinbu@msu.edu,阙
428,Jake,Paradis,jparadisbv@com.com,嵇
429,Thekla,Matuskiewicz,tmatuskiewiczbw@irs.gov,嵇
430,Monroe,Thow,mthowbx@wsj.com,洪
431,Tabb,Chesser,tchesserby@sciencedirect.com,邓
432,Aharon,Sidwick,asidwickbz@msu.edu,章
433,Mallory,Murricanes,mmurricanesc0@godaddy.com,伍
434,Aldric,Wyllt,awylltc1@hibu.com,邹
435,Elmore,Issatt,eissattc2@ft.com,段
436,Gertrudis,Rodgers,grodgersc3@mtv.com,柳
437,Muffin,Cleife,mcleifec4@altervista.org,阚
438,Inglebert,Aviss,iavissc5@alibaba.com,白
439,Lynn,Kedge,lkedgec6@mayoclinic.com,石
440,Lorilee,Panchin,lpanchinc7@symantec.com,居
441,Jard,Gilbee,jgilbeec8@scribd.com,左
442,Olia,Imbrey,oimbreyc9@theguardian.com,阙
443,Man,Moreinis,mmoreinisca@columbia.edu,韶
444,Heywood,Moultrie,hmoultriecb@netscape.com,逮
445,Beatrice,Audley,baudleycc@msu.edu,弓
446,Cy,Rosoman,crosomancd@globo.com,简
447,Clayson,D'Orsay,cdorsayce@behance.net,宣
448,Harmonia,Dorow,hdorowcf@bluehost.com,黎
449,Robbi,D'Aeth,rdaethcg@npr.org,宁
450,Orel,Noor,onoorch@github.com,惠
451,Lorry,Arkwright,larkwrightci@livejournal.com,吴
452,Ruthanne,Aleksandrev,raleksandrevcj@buzzfeed.com,尹
453,Ray,Pinchbeck,rpinchbeckck@ustream.tv,阳
454,Lethia,Phelipeaux,lphelipeauxcl@deliciousdays.com,戚
455,Maible,Cory,mcorycm@canalblog.com,索
456,Torie,Dobble,tdobblecn@usa.gov,阙
457,Taffy,Kirkbride,tkirkbrideco@ucoz.ru,东
458,Dyane,Kenafaque,dkenafaquecp@php.net,秋
459,Isaiah,MacGinley,imacginleycq@youku.com,羿
460,Bevin,Bagott,bbagottcr@cmu.edu,空
461,Bibbye,Brocklebank,bbrocklebankcs@posterous.com,严
462,Jule,Camble,jcamblect@acquirethisname.com,习
463,Tucky,Bartoli,tbartolicu@sogou.com,全
464,Corey,Caldecot,ccaldecotcv@drupal.org,明
465,Glenden,Strete,gstretecw@nationalgeographic.com,国
466,Shamus,Furmonger,sfurmongercx@indiatimes.com,毋
467,Brewer,Gallemore,bgallemorecy@techcrunch.com,傅
468,Layla,Timbs,ltimbscz@delicious.com,堵
469,Kristoffer,LeEstut,kleestutd0@soundcloud.com,禄
470,Javier,Woodsford,jwoodsfordd1@ft.com,贲
471,Washington,McCahill,wmccahilld2@latimes.com,叶
472,See,Bernardotte,sbernardotted3@ox.ac.uk,董
473,Josh,Brogi,jbrogid4@senate.gov,弓
474,Farrah,Courson,fcoursond5@bloomberg.com,浦
475,Neal,Mullen,nmullend6@biglobe.ne.jp,秋
476,Dina,Boxall,dboxalld7@independent.co.uk,虞
477,Reena,Littledike,rlittlediked8@hp.com,仇
478,Corabelle,Jovovic,cjovovicd9@fema.gov,江
479,Franciska,Poulsum,fpoulsumda@bigcartel.com,诸
480,Darcy,Langhor,dlanghordb@washington.edu,郑
481,Lulu,Chasles,lchaslesdc@indiegogo.com,冯
482,Averill,Lawrey,alawreydd@canalblog.com,廉
483,Lowell,O' Ronan,loronande@twitpic.com,谭
484,Susanne,Eakley,seakleydf@desdev.cn,池
485,Horton,Rhymes,hrhymesdg@rambler.ru,路
486,Blair,Ciciura,bciciuradh@engadget.com,崔
487,Marve,Gotter,mgotterdi@netlog.com,梅
488,Tamma,Khomich,tkhomichdj@delicious.com,贝
489,Mallorie,Stonham,mstonhamdk@google.com.au,池
490,Rhys,Gregine,rgreginedl@mozilla.com,宫
491,Claire,Warlow,cwarlowdm@nature.com,易
492,Vanny,Parnham,vparnhamdn@scientificamerican.com,戈
493,Flynn,Mcmanaman,fmcmanamando@xinhuanet.com,居
494,Jeromy,Scarf,jscarfdp@prlog.org,公
495,Ambur,Hand,ahanddq@vinaora.com,慕
496,Stephenie,Garatty,sgarattydr@telegraph.co.uk,梅
497,Barry,Noades,bnoadesds@usgs.gov,鱼
498,Duncan,Kenward,dkenwarddt@ihg.com,於
499,Irita,Hooban,ihoobandu@vimeo.com,冷
500,Doug,Markel,dmarkeldv@issuu.com,萧
501,Ephrayim,Tzarkov,etzarkovdw@myspace.com,毋
502,Francis,Simeons,fsimeonsdx@addthis.com,邰
503,Babs,Ricards,bricardsdy@bigcartel.com,胥
504,Licha,Brace,lbracedz@opera.com,连
505,Heath,Jerg,hjerge0@patch.com,祖
506,Debera,Toulson,dtoulsone1@hatena.ne.jp,汤
507,Selena,Gilliard,sgilliarde2@tuttocitta.it,白
508,Eugenia,McBryde,emcbrydee3@exblog.jp,禄
509,Cyndia,Leimster,cleimstere4@mysql.com,窦
510,Gisella,Salzburg,gsalzburge5@stanford.edu,相
511,Britte,Rymer,brymere6@over-blog.com,萧
512,Julie,Chetwin,jchetwine7@cdc.gov,仰
513,Vite,Sehorsch,vsehorsche8@vinaora.com,钱
514,Kailey,Breawood,kbreawoode9@spotify.com,寇
515,Caspar,Dyke,cdykeea@cam.ac.uk,禹
516,Karisa,Slide,kslideeb@sbwire.com,殳
517,Roxana,Munro,rmunroec@reddit.com,华
518,Berton,Menear,bmeneared@shutterfly.com,俞
519,Bruis,Last,blastee@fotki.com,谷
520,Georges,Avramovic,gavramovicef@google.fr,娄
521,Bamby,Pittel,bpitteleg@360.cn,元
522,Eolande,Haddrill,ehaddrilleh@miibeian.gov.cn,洪
523,Dominick,McNee,dmcneeei@parallels.com,林
524,Saundra,Kinloch,skinlochej@etsy.com,翟
525,Boycie,Orris,borrisek@1und1.de,滕
526,Barry,Sedgebeer,bsedgebeerel@oakley.com,房
527,Westbrook,Partkya,wpartkyaem@com.com,邹
528,Keenan,Petit,kpetiten@xing.com,勾
529,Stanford,Bareford,sbarefordeo@home.pl,郎
530,Yule,Zotto,yzottoep@dailymail.co.uk,浦
531,Jinny,Medmore,jmedmoreeq@bloglines.com,扶
532,Evangelin,Hartshorne,ehartshorneer@shareasale.com,滑
533,Ethe,Strafford,estraffordes@gnu.org,骆
534,Charmian,Pigeon,cpigeonet@canalblog.com,明
535,Winny,Bedin,wbedineu@diigo.com,鲁
536,Dmitri,Camilio,dcamilioev@weibo.com,却
537,Christa,Westmorland,cwestmorlandew@smugmug.com,阚
538,Aubrie,Aitkenhead,aaitkenheadex@domainmarket.com,祁
539,Robin,Cluckie,rcluckieey@elpais.com,田
540,Darrick,Lawranson,dlawransonez@yelp.com,乜
541,Rock,Deekes,rdeekesf0@uol.com.br,宗
542,Araldo,D'Adda,adaddaf1@booking.com,米
543,Ilise,Henfre,ihenfref2@utexas.edu,尹
544,Forster,Dionisii,fdionisiif3@de.vu,马
545,Dodi,Huckstepp,dhucksteppf4@qq.com,伊
546,Vina,Pomphrett,vpomphrettf5@ibm.com,倪
547,Rosaline,Brownsill,rbrownsillf6@latimes.com,饶
548,Lazaro,Nials,lnialsf7@t.co,於
549,Yettie,Craigs,ycraigsf8@twitpic.com,施
550,Jarrod,Camings,jcamingsf9@e-recht24.de,郦
551,Purcell,Ensor,pensorfa@upenn.edu,步
552,Dorthy,Lorenzin,dlorenzinfb@cdbaby.com,水
553,Vivianna,Alexandrou,valexandroufc@51.la,云
554,Phelia,Thurlborn,pthurlbornfd@biblegateway.com,简
555,Chris,Redwood,credwoodfe@yale.edu,桂
556,Mia,Fielder,mfielderff@facebook.com,于
557,Theodoric,Dubose,tdubosefg@wordpress.com,禄
558,Northrup,Beddoe,nbeddoefh@nsw.gov.au,富
559,Florina,Fogarty,ffogartyfi@cam.ac.uk,余
560,Jeannie,Gagg,jgaggfj@miitbeian.gov.cn,秋
561,Gerta,Livsey,glivseyfk@bloglovin.com,蒙
562,Emlyn,Egger,eeggerfl@dailymotion.com,章
563,Sigismondo,Wylam,swylamfm@europa.eu,弘
564,Leeanne,Quarmby,lquarmbyfn@typepad.com,羊
565,Wye,Gorusso,wgorussofo@upenn.edu,宰
566,Francklyn,Longega,flongegafp@theatlantic.com,章
567,Conan,Helsdon,chelsdonfq@virginia.edu,那
568,Etienne,Warlock,ewarlockfr@arstechnica.com,鄂
569,Cordi,Linfitt,clinfittfs@auda.org.au,能
570,Danit,Fulle,dfulleft@yahoo.com,贡
571,Ashbey,Jorger,ajorgerfu@un.org,黄
572,Jan,McQuilliam,jmcquilliamfv@hugedomains.com,洪
573,Damita,Gerald,dgeraldfw@fastcompany.com,张
574,Chere,Furze,cfurzefx@1und1.de,滑
575,Dar,Scane,dscanefy@ucoz.com,空
576,Cara,Cawthery,ccawtheryfz@discovery.com,公
577,Sheffield,Banister,sbanisterg0@blogs.com,蒲
578,Meir,Boydle,mboydleg1@hhs.gov,国
579,Tobie,Mutton,tmuttong2@discuz.net,广
580,Lynda,Hateley,lhateleyg3@newsvine.com,伍
581,Rubia,Philpot,rphilpotg4@istockphoto.com,梁
582,Pamelina,Mates,pmatesg5@who.int,关
583,Rubie,O'Mahoney,romahoneyg6@cloudflare.com,那
584,Elise,Tapley,etapleyg7@theguardian.com,费
585,Cecil,Jannex,cjannexg8@google.co.uk,屠
586,Iver,Blacker,iblackerg9@cyberchimps.com,广
587,Eddi,Elderfield,eelderfieldga@cyberchimps.com,鲍
588,Benjy,Solesbury,bsolesburygb@taobao.com,岑
589,Sherm,Hehnke,shehnkegc@skype.com,宁
590,Tandy,Danson,tdansongd@jugem.jp,储
591,Elianore,Broadberrie,ebroadberriege@cornell.edu,袁
592,Rasia,Tidmas,rtidmasgf@yolasite.com,经
593,Lacey,Collinwood,lcollinwoodgg@imageshack.us,邬
594,Gilligan,Splain,gsplaingh@google.com.br,孟
595,Garold,Mould,gmouldgi@bravesites.com,毋
596,Brandise,Daid,bdaidgj@state.tx.us,隆
597,Analiese,Scandrick,ascandrickgk@ft.com,宗
598,Archer,Bamber,abambergl@marriott.com,阮
599,Joete,Fishlock,jfishlockgm@mlb.com,左
600,Kacie,Hurdwell,khurdwellgn@arstechnica.com,花
601,Rustie,Gosse,rgossego@ifeng.com,步
602,Joey,Reyner,jreynergp@marriott.com,邵
603,Orelie,Jarvie,ojarviegq@hp.com,麴
604,Siouxie,Bondesen,sbondesengr@fema.gov,甘
605,Wheeler,Bramstom,wbramstomgs@gizmodo.com,聂
606,Paddie,Roscrigg,proscrigggt@ning.com,宓
607,Heidie,Swatland,hswatlandgu@moonfruit.com,阎
608,Lanni,Teasell,lteasellgv@hibu.com,席
609,Isa,Craw,icrawgw@ycombinator.com,董
610,Skipper,Maddams,smaddamsgx@bbb.org,丰
611,Isabelita,Grimmert,igrimmertgy@soup.io,樊
612,Lindsay,Capelen,lcapelengz@census.gov,花
613,Guendolen,Richarz,gricharzh0@liveinternet.ru,那
614,Hollyanne,Shawel,hshawelh1@canalblog.com,万
615,Waiter,Plackstone,wplackstoneh2@comcast.net,相
616,Ingeberg,Flitcroft,iflitcrofth3@unesco.org,褚
617,Allyn,Christley,achristleyh4@tinyurl.com,窦
618,Ilene,Inkles,iinklesh5@blogspot.com,韶
619,Cameron,Pilmore,cpilmoreh6@google.ca,韩
620,Geri,Keune,gkeuneh7@webeden.co.uk,齐
621,Fanchon,Breukelman,fbreukelmanh8@newyorker.com,薛
622,Brennen,Gendrich,bgendrichh9@t-online.de,凌
623,Sloan,Cristofori,scristoforiha@yandex.ru,韩
624,Matilda,Gostick,mgostickhb@hud.gov,季
625,Gail,Dewitt,gdewitthc@livejournal.com,宰
626,Abbe,Willes,awilleshd@wufoo.com,晁
627,Sunshine,Taw,stawhe@unicef.org,池
628,Victoria,Beatson,vbeatsonhf@examiner.com,幸
629,Zoe,Janew,zjanewhg@nymag.com,逮
630,Merrily,Doudney,mdoudneyhh@nature.com,燕
631,Vyky,Poltun,vpoltunhi@army.mil,祝
632,Neda,McClounan,nmcclounanhj@spiegel.de,荣
633,Kellen,Petrescu,kpetrescuhk@taobao.com,乐
634,Lorine,Jacobsen,ljacobsenhl@nba.com,伍
635,Elva,Buscher,ebuscherhm@goodreads.com,寿
636,Marna,Lappin,mlappinhn@si.edu,鲁
637,Gawen,Yesson,gyessonho@behance.net,皮
638,Allyn,Slayton,aslaytonhp@privacy.gov.au,璩
639,Lilith,Middle,lmiddlehq@cocolog-nifty.com,宁
640,Koo,Toon,ktoonhr@multiply.com,杜
641,Kenon,Wyness,kwynesshs@china.com.cn,邓
642,Dorrie,Kellard,dkellardht@nsw.gov.au,沙
643,Rey,Collins,rcollinshu@dedecms.com,韦
644,Ilse,Ygoe,iygoehv@bigcartel.com,凌
645,Gwennie,Greedier,ggreedierhw@1und1.de,米
646,Brooke,Greste,bgrestehx@networksolutions.com,余
647,Philippe,Fennelly,pfennellyhy@noaa.gov,慎
648,Arron,McQuaid,amcquaidhz@homestead.com,符
649,Artemus,Abele,aabelei0@discovery.com,孔
650,Maurise,Stenners,mstennersi1@dot.gov,平
651,Marlin,Jurewicz,mjurewiczi2@rediff.com,冯
652,Wynne,Van Merwe,wvanmerwei3@youtu.be,辛
653,Kearney,Traise,ktraisei4@washingtonpost.com,崔
654,Jessalyn,Brisker,jbriskeri5@wordpress.org,柳
655,Yehudit,Holywell,yholywelli6@prlog.org,晁
656,Judon,Futcher,jfutcheri7@ucoz.ru,石
657,Elspeth,Woolfenden,ewoolfendeni8@bloglines.com,余
658,Sanderson,Norris,snorrisi9@livejournal.com,禹
659,Quintus,Heaney`,qheaneyia@hao123.com,池
660,Jessalyn,Davydychev,jdavydychevib@bing.com,查
661,Aubrey,Whitmore,awhitmoreic@webeden.co.uk,黎
662,May,Pulver,mpulverid@newsvine.com,周
663,Felisha,Andreacci,fandreacciie@yahoo.co.jp,常
664,Loralyn,Trevaskis,ltrevaskisif@buzzfeed.com,邹
665,Daron,Negri,dnegriig@deviantart.com,滕
666,Cody,Bullar,cbullarih@etsy.com,郑
667,Theresita,Goffe,tgoffeii@scientificamerican.com,廉
668,Emera,Slader,esladerij@simplemachines.org,宦
669,Dalenna,Nettles,dnettlesik@abc.net.au,洪
670,Auroora,Faust,afaustil@acquirethisname.com,屠
671,Clarissa,Fullylove,cfullyloveim@typepad.com,籍
672,Petey,Kubacki,pkubackiin@indiegogo.com,游
673,Dru,Durgan,ddurganio@nih.gov,和
674,Ivor,Baack,ibaackip@army.mil,强
675,Kirsteni,Meace,kmeaceiq@omniture.com,益
676,Inna,Treen,itreenir@census.gov,牛
677,Myrtle,Zuann,mzuannis@wsj.com,仇
678,Dee,Pero,dperoit@t.co,施
679,Norri,Swigg,nswiggiu@xing.com,程
680,Ruperta,Tollett,rtollettiv@tuttocitta.it,贝
681,Adena,De Blasio,adeblasioiw@so-net.ne.jp,温
682,Marthena,Devonald,mdevonaldix@issuu.com,富
683,Roshelle,Conradie,rconradieiy@twitpic.com,范
684,Packston,Stavers,pstaversiz@tinyurl.com,赵
685,Chrysa,Crips,ccripsj0@pen.io,鲍
686,Tova,Jaulmes,tjaulmesj1@webeden.co.uk,伊
687,Mitchell,Ducker,mduckerj2@tuttocitta.it,狄
688,Thea,Trattles,ttrattlesj3@nationalgeographic.com,庾
689,Ruggiero,Sutliff,rsutliffj4@stumbleupon.com,苏
690,Granger,Abelov,gabelovj5@eventbrite.com,弓
691,Giustino,Boise,gboisej6@tinyurl.com,石
692,Teddie,Gildersleaves,tgildersleavesj7@networkadvertising.org,万
693,Humfried,Mordacai,hmordacaij8@symantec.com,陶
694,Ilyse,Donneely,idonneelyj9@nih.gov,蓟
695,Zedekiah,Pockey,zpockeyja@washington.edu,郝
696,Gill,Michael,gmichaeljb@auda.org.au,林
697,Lorena,Rea,lreajc@who.int,孔
698,Miof mela,Chandler,mchandlerjd@umn.edu,尹
699,Giuditta,Gleader,ggleaderje@smh.com.au,石
700,Zilvia,Stirtle,zstirtlejf@bloomberg.com,浦
701,Kinnie,Morde,kmordejg@google.de,朱
702,Freddy,Kerrod,fkerrodjh@reddit.com,习
703,Reagan,Craggs,rcraggsji@digg.com,顾
704,Jocelyn,Goddard,jgoddardjj@google.cn,齐
705,Carmella,Ommundsen,commundsenjk@hatena.ne.jp,刘
706,Cathlene,Lammerich,clammerichjl@google.ru,巩
707,Junina,Braxton,jbraxtonjm@vk.com,黎
708,Bliss,Braham,bbrahamjn@biblegateway.com,蒙
709,Vallie,Paolazzi,vpaolazzijo@pcworld.com,甘
710,Jdavie,Lawling,jlawlingjp@reddit.com,耿
711,Leese,Jannex,ljannexjq@hexun.com,勾
712,Enoch,Climie,eclimiejr@auda.org.au,鲁
713,Jody,Keslake,jkeslakejs@canalblog.com,桑
714,Gris,Spencelayh,gspencelayhjt@house.gov,黎
715,Christie,Seel,cseelju@printfriendly.com,庾
716,Pepita,Shird,pshirdjv@techcrunch.com,薛
717,Pavel,Collins,pcollinsjw@istockphoto.com,傅
718,Beilul,Cuttings,bcuttingsjx@mail.ru,余
719,Bartholomew,Lackham,blackhamjy@prnewswire.com,汲
720,Nerta,Spadoni,nspadonijz@taobao.com,纪
721,Vin,Bamfield,vbamfieldk0@hao123.com,胥
722,Clemmie,Grimmert,cgrimmertk1@huffingtonpost.com,黄
723,Tabbi,Acklands,tacklandsk2@bandcamp.com,蓟
724,Babb,Tunny,btunnyk3@goo.gl,干
725,Arlie,Giraudel,agiraudelk4@opera.com,危
726,Merwin,Dellenbrook,mdellenbrookk5@wikipedia.org,仇
727,Dorise,Wernham,dwernhamk6@mashable.com,岑
728,Daven,Derry,dderryk7@army.mil,尹
729,Ricoriki,Miguel,rmiguelk8@theguardian.com,易
730,Chicky,Deaves,cdeavesk9@disqus.com,扶
731,Kale,Ouldcott,kouldcottka@i2i.jp,关
732,Betteanne,Maffione,bmaffionekb@omniture.com,强
733,Saunderson,Brownsell,sbrownsellkc@amazon.de,宿
734,Lona,Klaes,lklaeskd@stumbleupon.com,耿
735,Westbrooke,Turnor,wturnorke@sohu.com,樊
736,Adelbert,Hollows,ahollowskf@digg.com,竺
737,Fara,Macci,fmaccikg@springer.com,焦
738,Inna,Overill,ioverillkh@hud.gov,顾
739,Lacy,Frankcom,lfrankcomki@dagondesign.com,印
740,Haven,Tremayle,htremaylekj@home.pl,巢
741,Wang,Harkes,wharkeskk@comcast.net,家
742,Ardra,Fender,afenderkl@bandcamp.com,萧
743,Forest,Castagnet,fcastagnetkm@bluehost.com,仇
744,Megen,MacAllaster,mmacallasterkn@indiegogo.com,许
745,Ario,Brackpool,abrackpoolko@cdc.gov,谢
746,Jess,Nenci,jnencikp@wiley.com,冉
747,Brennen,Amthor,bamthorkq@cbsnews.com,虞
748,Ralina,Stodhart,rstodhartkr@va.gov,瞿
749,Walden,Schuricht,wschurichtks@wikia.com,郜
750,Brewer,Toppes,btoppeskt@mozilla.com,储
751,Mareah,Carpenter,mcarpenterku@devhub.com,车
752,Erica,Kimmins,ekimminskv@ca.gov,曹
753,Ferdinand,Aylmore,faylmorekw@bloglovin.com,劳
754,Rafe,Choulerton,rchoulertonkx@disqus.com,葛
755,Lauralee,Iacovolo,liacovoloky@goo.gl,堵
756,Jorry,Hartegan,jhartegankz@biblegateway.com,浦
757,Bianka,Thebe,bthebel0@etsy.com,储
758,Wain,Calwell,wcalwelll1@gizmodo.com,饶
759,Jobey,Wiggett,jwiggettl2@wisc.edu,花
760,Melesa,Clappson,mclappsonl3@unicef.org,从
761,Heath,Van Der Vlies,hvandervliesl4@moonfruit.com,丰
762,Conway,Sharply,csharplyl5@dot.gov,贺
763,Jonas,Morston,jmorstonl6@upenn.edu,郝
764,Frasco,Millott,fmillottl7@cnbc.com,颜
765,Binky,Mays,bmaysl8@privacy.gov.au,乜
766,Xena,Rangeley,xrangeleyl9@wired.com,刘
767,Jaquelin,Iggalden,jiggaldenla@wiley.com,山
768,Izzy,Raiman,iraimanlb@gravatar.com,益
769,Trent,Mumby,tmumbylc@ehow.com,应
770,Averyl,Allingham,aallinghamld@studiopress.com,糜
771,Ki,Baythrop,kbaythrople@ucla.edu,逄
772,Ronda,Lipgens,rlipgenslf@ucoz.ru,韩
773,Sofia,Fairbrother,sfairbrotherlg@devhub.com,酆
774,Corella,Gilffillan,cgilffillanlh@mapy.cz,寿
775,Jasun,Aulds,jauldsli@linkedin.com,杨
776,Valentijn,Pillman,vpillmanlj@desdev.cn,蓝
777,Eloisa,Glanville,eglanvillelk@yolasite.com,阳
778,Diann,Bucky,dbuckyll@pen.io,燕
779,Nicole,Szymanski,nszymanskilm@ehow.com,戎
780,Maritsa,Issacof,missacofln@1688.com,都
781,Ruthie,De Benedictis,rdebenedictislo@privacy.gov.au,空
782,Fidel,McCallion,fmccallionlp@go.com,边
783,Ingar,Beamish,ibeamishlq@bloomberg.com,路
784,Frederich,Santello,fsantellolr@blogger.com,韶
785,Binni,Mulqueen,bmulqueenls@macromedia.com,后
786,Phyllys,McGrae,pmcgraelt@cisco.com,溥
787,Shayna,Guerra,sguerralu@google.nl,伍
788,Udell,Perocci,uperoccilv@sphinn.com,康
789,Dalila,Weber,dweberlw@wordpress.org,房
790,Valerye,Weippert,vweippertlx@opensource.org,荀
791,Jehanna,Lartice,jlarticely@seattletimes.com,鲁
792,Wolf,Crummey,wcrummeylz@theglobeandmail.com,姬
793,Felicio,Scandwright,fscandwrightm0@ameblo.jp,养
794,Etienne,Vedmore,evedmorem1@cocolog-nifty.com,赖
795,Cecilius,Cockett,ccockettm2@webmd.com,许
796,Jacqueline,Craigmile,jcraigmilem3@tinypic.com,郎
797,Sanson,Kibbye,skibbyem4@economist.com,公
798,Ennis,Imlin,eimlinm5@jimdo.com,訾
799,Gabe,d'Arcy,gdarcym6@guardian.co.uk,郗
800,Orelle,Ganing,oganingm7@nytimes.com,焦
801,Jeramie,Marchelli,jmarchellim8@domainmarket.com,农
802,Leandra,Manterfield,lmanterfieldm9@posterous.com,毋
803,Ardene,Labern,alabernma@mail.ru,广
804,Rik,Brittin,rbrittinmb@wunderground.com,汲
805,Ginny,Banting,gbantingmc@fc2.com,贝
806,Viviana,Gilli,vgillimd@nsw.gov.au,空
807,Darby,Maren,dmarenme@shareasale.com,孙
808,Catina,Kleinerman,ckleinermanmf@sakura.ne.jp,张
809,Dill,Bilofsky,dbilofskymg@instagram.com,余
810,Happy,Leppington,hleppingtonmh@facebook.com,桓
811,Carmela,Jaffa,cjaffami@chicagotribune.com,舒
812,Zonnya,Anfosso,zanfossomj@oakley.com,高
813,Joyce,Orford,jorfordmk@cdbaby.com,蒲
814,Abbye,Yes,ayesml@elegantthemes.com,岑
815,Sherlocke,Yaknov,syaknovmm@sciencedirect.com,谷
816,Violetta,Eaglestone,veaglestonemn@sfgate.com,詹
817,Alfredo,Sargint,asargintmo@cbsnews.com,红
818,Ellene,Tatersale,etatersalemp@samsung.com,利
819,Walther,Lipscombe,wlipscombemq@twitpic.com,扈
820,Glennie,Furlong,gfurlongmr@ameblo.jp,卫
821,Randal,Wrightem,rwrightemms@virginia.edu,钱
822,Ilsa,Stigell,istigellmt@nytimes.com,能
823,Vivyan,Tzarkov,vtzarkovmu@bluehost.com,郜
824,Bevan,Walton,bwaltonmv@google.it,卫
825,Bobbie,Pedlingham,bpedlinghammw@epa.gov,暨
826,Jamil,Pharro,jpharromx@wordpress.org,寿
827,Mariquilla,Pierpoint,mpierpointmy@wordpress.org,段
828,Elwira,Jeppe,ejeppemz@abc.net.au,项
829,Salvador,Tolworthy,stolworthyn0@live.com,仰
830,Sheppard,Sprott,ssprottn1@chron.com,谈
831,Aloin,Tillard,atillardn2@exblog.jp,璩
832,Gordy,Fritz,gfritzn3@narod.ru,浦
833,Konstantin,Hebbard,khebbardn4@scribd.com,融
834,Joell,Lidster,jlidstern5@tripadvisor.com,盛
835,Mead,Probbings,mprobbingsn6@apache.org,冷
836,Lannie,Fletcher,lfletchern7@wiley.com,卞
837,Rafi,Bootland,rbootlandn8@who.int,牛
838,Cacilie,Houdmont,choudmontn9@google.com.au,江
839,Quintus,Audsley,qaudsleyna@canalblog.com,师
840,Portie,Lingner,plingnernb@bbb.org,欧
841,Giorgio,Chesney,gchesneync@feedburner.com,罗
842,Othella,Aucott,oaucottnd@webmd.com,程
843,Winny,Tonkes,wtonkesne@i2i.jp,应
844,Hilarius,McGrudder,hmcgruddernf@theguardian.com,莘
845,Camella,Endrici,cendricing@google.com,霍
846,Morena,Garling,mgarlingnh@fema.gov,文
847,Andre,Mc Meekan,amcmeekanni@homestead.com,简
848,Mordecai,Greensmith,mgreensmithnj@google.com.au,僪
849,Miran,Matteucci,mmatteuccink@youtube.com,巫
850,Mariele,Scothern,mscothernnl@yahoo.co.jp,邬
851,Cissiee,Hedworth,chedworthnm@gnu.org,柏
852,Nanette,Struan,nstruannn@wikispaces.com,关
853,Clemmy,Sainsbury,csainsburyno@examiner.com,公
854,Meade,Hayball,mhayballnp@comcast.net,贲
855,Mirabelle,Tainton,mtaintonnq@youtube.com,高
856,Babbette,Withringten,bwithringtennr@tamu.edu,相
857,Helyn,Torrese,htorresens@princeton.edu,罗
858,Dunstan,Lamps,dlampsnt@ustream.tv,溥
859,Lucila,Lorente,llorentenu@uol.com.br,沈
860,Kylie,Wolffers,kwolffersnv@dyndns.org,暴
861,Saba,Surgenor,ssurgenornw@pbs.org,靳
862,Padget,Pechard,ppechardnx@fastcompany.com,穆
863,Ainsley,Tabary,atabaryny@aboutads.info,潘
864,Inez,Trathan,itrathannz@upenn.edu,党
865,Alvera,Deeney,adeeneyo0@msn.com,广
866,Halimeda,O'Growgane,hogrowganeo1@thetimes.co.uk,管
867,Vic,Van Dale,vvandaleo2@ox.ac.uk,干
868,Lissi,Popplestone,lpopplestoneo3@ted.com,蒯
869,Billie,Gunda,bgundao4@flickr.com,花
870,Arnuad,Hague,ahagueo5@e-recht24.de,程
871,Gayel,Treadger,gtreadgero6@patch.com,游
872,Wilfred,Ledgerton,wledgertono7@simplemachines.org,庾
873,Keely,Tyrwhitt,ktyrwhitto8@ezinearticles.com,许
874,Rayner,Voules,rvouleso9@house.gov,戴
875,Biddy,Lanfere,blanfereoa@ifeng.com,富
876,Clovis,Grass,cgrassob@soup.io,暴
877,Trip,Dougherty,tdoughertyoc@barnesandnoble.com,冀
878,Mina,Fardo,mfardood@ucsd.edu,毛
879,Ewen,Hodgets,ehodgetsoe@uol.com.br,昝
880,Marcile,Vasyutochkin,mvasyutochkinof@wp.com,叶
881,Doris,Mattingson,dmattingsonog@techcrunch.com,詹
882,Stanton,Bilston,sbilstonoh@stanford.edu,强
883,Kissiah,Elwin,kelwinoi@businessinsider.com,芮
884,Sabra,Routhorn,srouthornoj@cam.ac.uk,向
885,Niki,Franklen,nfranklenok@1688.com,景
886,Heidi,Girardini,hgirardiniol@ustream.tv,古
887,Hakim,Grimshaw,hgrimshawom@xrea.com,毛
888,Leigha,Keeble,lkeebleon@berkeley.edu,强
889,Ely,Liley,elileyoo@newsvine.com,怀
890,Dyanna,Berrill,dberrillop@macromedia.com,双
891,Hubert,Smail,hsmailoq@ezinearticles.com,苗
892,Giuseppe,Dennitts,gdennittsor@hubpages.com,奚
893,Jobina,Davidove,jdavidoveos@princeton.edu,田
894,Mic,Hicken,mhickenot@ifeng.com,隗
895,Devlen,Gething,dgethingou@furl.net,元
896,Welbie,Dunsleve,wdunsleveov@springer.com,沈
897,Moises,Raddan,mraddanow@hexun.com,顾
898,Kania,Dartnell,kdartnellox@biblegateway.com,雷
899,Susannah,Corkell,scorkelloy@prnewswire.com,宰
900,Florella,Clow,fclowoz@unblog.fr,郝
901,Marje,Bartocci,mbartoccip0@addthis.com,禹
902,Van,Lorain,vlorainp1@people.com.cn,邱
903,Aguie,MacKegg,amackeggp2@nydailynews.com,牧
904,Griswold,Colquhoun,gcolquhounp3@sphinn.com,奚
905,Kelsi,Bungey,kbungeyp4@aol.com,许
906,Field,Looney,flooneyp5@abc.net.au,赖
907,Giorgia,Ruslinge,gruslingep6@sciencedirect.com,富
908,Traver,Dashkovich,tdashkovichp7@ask.com,羊
909,Collen,Maccrie,cmaccriep8@tamu.edu,翁
910,Kathrine,Oxtarby,koxtarbyp9@whitehouse.gov,季
911,Kristoforo,Dugall,kdugallpa@state.tx.us,谭
912,Julita,Such,jsuchpb@issuu.com,霍
913,Ethelbert,Pitford,epitfordpc@economist.com,贺
914,Tanhya,Talby,ttalbypd@mail.ru,邹
915,Leeland,Winks,lwinkspe@typepad.com,利
916,Dede,Biffen,dbiffenpf@google.cn,尤
917,Carl,Hanhard,chanhardpg@globo.com,巴
918,Konstanze,Wyse,kwyseph@hhs.gov,包
919,Sapphire,Warby,swarbypi@multiply.com,彭
920,Ivor,Claiden,iclaidenpj@tinypic.com,姜
921,Britte,Trever,btreverpk@acquirethisname.com,司
922,Ring,Pesterfield,rpesterfieldpl@sciencedirect.com,邴
923,Raimundo,Mashro,rmashropm@multiply.com,霍
924,Stacia,Castle,scastlepn@earthlink.net,贡
925,Ciel,Waymont,cwaymontpo@constantcontact.com,谭
926,Alameda,Terren,aterrenpp@squidoo.com,包
927,Trista,Horsey,thorseypq@dell.com,傅
928,Vanny,Alps,valpspr@berkeley.edu,窦
929,Augie,Rhucroft,arhucroftps@infoseek.co.jp,单
930,Anna,Itzkovwich,aitzkovwichpt@stumbleupon.com,蓝
931,Lonni,Core,lcorepu@parallels.com,彭
932,Rebbecca,Goatman,rgoatmanpv@cisco.com,弓
933,Arvy,Tollemache,atollemachepw@google.co.uk,施
934,Erin,Khomich,ekhomichpx@twitter.com,贺
935,Mab,Isaksen,misaksenpy@istockphoto.com,那
936,Daryle,Niccols,dniccolspz@livejournal.com,滕
937,Suzi,Dunbavin,sdunbavinq0@i2i.jp,毋
938,Biron,Coils,bcoilsq1@miitbeian.gov.cn,索
939,Shannan,Muckeen,smuckeenq2@quantcast.com,霍
940,Phillipe,Jupp,pjuppq3@ifeng.com,袁
941,Rycca,Enrico,renricoq4@barnesandnoble.com,乌
942,Marlane,Burston,mburstonq5@columbia.edu,后
943,Caresse,Oldmeadow,coldmeadowq6@jimdo.com,苏
944,Hailey,Bubeer,hbubeerq7@mac.com,蔚
945,Minta,Pahl,mpahlq8@wikia.com,姜
946,Sofie,Postlewhite,spostlewhiteq9@plala.or.jp,潘
947,Charita,Foli,cfoliqa@amazon.de,虞
948,Tessie,Pignon,tpignonqb@friendfeed.com,璩
949,Laina,Parks,lparksqc@miibeian.gov.cn,石
950,Raddie,Godier,rgodierqd@jimdo.com,安
951,Fritz,Iacovino,fiacovinoqe@gnu.org,雍
952,Giles,Kemmet,gkemmetqf@epa.gov,陆
953,Erin,Haville,ehavilleqg@quantcast.com,苗
954,Sabine,Stave,sstaveqh@ihg.com,刁
955,Rosabella,Lumsdale,rlumsdaleqi@yale.edu,僪
956,Jarrett,Duerden,jduerdenqj@tamu.edu,党
957,Susy,Trimmill,strimmillqk@mapquest.com,华
958,Lissy,Alexandrou,lalexandrouql@google.co.uk,洪
959,Milissent,Silberschatz,msilberschatzqm@icio.us,俞
960,Cele,Sambells,csambellsqn@vk.com,贡
961,Josselyn,Tribble,jtribbleqo@oracle.com,郑
962,Wit,Cockerell,wcockerellqp@mapquest.com,骆
963,Renato,Churchward,rchurchwardqq@goo.ne.jp,封
964,Stacia,Height,sheightqr@loc.gov,毕
965,Vern,Grew,vgrewqs@wikia.com,衡
966,Regen,Cuthbert,rcuthbertqt@yale.edu,咸
967,Sargent,D'Aulby,sdaulbyqu@altervista.org,益
968,Boris,Ibeson,bibesonqv@1und1.de,屠
969,Shell,Bunston,sbunstonqw@dion.ne.jp,易
970,Borg,Monnery,bmonneryqx@exblog.jp,邴
971,Bobbie,Jiggens,bjiggensqy@smugmug.com,相
972,Delia,Ivie,divieqz@hatena.ne.jp,滕
973,Alfy,Portlock,aportlockr0@google.fr,莘
974,Edgar,Khosa,ekhosar1@forbes.com,鄂
975,Lucho,Dymock,ldymockr2@over-blog.com,历
976,Chrissy,Tibbits,ctibbitsr3@tmall.com,向
977,Ileana,McHardy,imchardyr4@state.tx.us,梁
978,Osborne,Shory,oshoryr5@about.com,裘
979,Nanon,Drinan,ndrinanr6@google.cn,敖
980,Dareen,Goodier,dgoodierr7@google.pl,吉
981,Derwin,Bradberry,dbradberryr8@cargocollective.com,逄
982,Mirilla,Denge,mdenger9@tiny.cc,越
983,Blaine,Gerlts,bgerltsra@ow.ly,饶
984,Trevor,Carrick,tcarrickrb@freewebs.com,弓
985,Dario,Baughan,dbaughanrc@yahoo.com,翁
986,Bess,Slixby,bslixbyrd@nifty.com,羿
987,Aeriel,Shimony,ashimonyre@whitehouse.gov,乔
988,Jerrylee,McIlwraith,jmcilwraithrf@typepad.com,濮
989,Neall,Golly,ngollyrg@slashdot.org,巩
990,Rhodia,Acres,racresrh@sbwire.com,武
991,Cristin,Shepcutt,cshepcuttri@boston.com,习
992,Estella,Kubik,ekubikrj@npr.org,怀
993,Somerset,Croxton,scroxtonrk@zimbio.com,缪
994,Stephana,Millis,smillisrl@ucoz.com,钮
995,Arvie,Klassman,aklassmanrm@artisteer.com,宗
996,Anjanette,MacTrustam,amactrustamrn@studiopress.com,花
997,Ramonda,Cowcha,rcowcharo@va.gov,咸
998,Gail,Dobsons,gdobsonsrp@trellian.com,凌
999,Cordy,Reder,crederrq@tinypic.com,翁
1000,Zahara,Gowrich,zgowrichrr@deliciousdays.com,容
